query_id,placekey,error
0,zzw-222@8gb-7g3-hwk,
1,225@8gb-6qw-5xq,
2,222@8gb-6r7-68v,
3,zzw-222@8gb-72q-qs5,
4,22j@8g7-438-b8v,
5,222-223@8gb-6zj-g49,
6,224@8gb-72q-fmk,
7,223@8g6-ypb-2zf,
8,222@8gb-72d-p35,
9,222-222@8gb-7gx-bp9,
10,zzw-222@8gb-72p-59f,
11,222-222@8gb-7jd-bc5,
12,222@8g7-4d4-d5f,
13,224@8g6-yns-2ff,
14,222-222@8g7-44b-75z,
15,222-222@8g7-3yb-7bk,
16,222-222@8gb-7gv-t9z,
17,222@8g7-4cj-54v,
18,222@8gb-7fs-yn5,
19,zzw-222@8gb-7j4-xkf,
20,zzw-223@8g6-yq4-wx5,
21,222-222@8g7-43b-6tv,
22,222@8g7-437-3nq,
23,222-222@8g7-44n-bhq,
24,222@8g6-yp6-y7q,
25,222-223@8g6-ynx-9pv,
26,222@8g7-4bj-ht9,
27,222-222@8g7-4bd-rhq,
28,222-222@8g6-ynr-gtv,
29,zzw-222@8gb-7hj-66k,
30,224-222@8gb-6qw-b49,
31,zzw-222@8g6-yr2-49z,
32,223-222@8g6-ynx-9vf,
33,zzw-222@8g6-yqb-h5z,
34,222@8gb-7gh-ghq,
35,,Invalid address
36,zzw-222@8g6-yqv-89z,
37,222-224@8g6-yqy-389,
38,222-222@8g6-yp9-2tv,
39,222-222@8gb-7j8-vxq,
40,zzw-222@8g7-4bp-2rk,
41,zzw-222@8gb-6st-cdv,
42,222-222@8gb-6sw-835,
43,222@8g6-ynt-q75,
44,222-222@8g6-ypy-py9,
45,zzw-222@8g6-yqw-nh5,
46,222@8g7-4db-xbk,
47,zzw-222@8gb-7hn-6p9,
48,zzw-222@8gb-7g7-vj9,
49,223-222@8g6-yq5-qpv,
50,222-222@8g6-yp4-q9f,
51,222-223@8gb-7hr-hbk,
52,zzw-222@8gb-7hd-b6k,
53,zzw-222@8gb-7hn-jjv,
54,222-222@8gb-7g4-fj9,
55,225@8gb-7gv-49z,
56,zzw-222@8gb-6zs-nbk,
57,222@8gb-6zt-bc5,
58,zzw-222@8g6-yp6-ht9,
59,222-222@8g7-4cq-qpv,
60,zzw-222@8gb-7ht-hdv,
61,zzw-222@8gb-7hm-rp9,
62,222@8gb-7ht-kmk,
63,222@8gb-7g4-yd9,
64,226-222@8g7-446-3bk,
65,222-222@8g7-446-2x5,
66,222@8g7-4df-389,
67,zzw-222@8g7-4db-89z,
68,222-222@8g6-yp5-rtv,
69,zzw-222@8gb-7hg-fpv,
70,222-222@8gb-7gp-9mk,
71,zzw-223@8gb-7gn-5pv,
72,222@8gb-7j7-cqz,
73,222-222@8gb-7gc-rhq,
74,zzw-222@8gb-7gj-sh5,
75,zzw-222@8gb-7gc-d7q,
76,222@8g6-yr2-d9z,
77,zzw-222@8gb-7fn-dgk,
78,zzw-222@8gb-7gc-dn5,
79,zzw-222@8gb-7gg-p35,
80,222-222@8g6-yqz-6ff,
81,222-222@8g6-yr2-zvf,
82,222@8gb-7gp-btv,
83,zzw-222@8gb-6qc-qmk,
84,zzw-222@8gb-7fx-yn5,
85,222@8g6-ypb-b49,
86,zzw-222@8gb-7fx-ht9,
87,zzw-222@8gb-7hg-td9,
88,222-222@8g6-ynp-7nq,
89,222-222@8g6-yp3-7wk,
90,222-222@8g7-4b8-gc5,
91,,Invalid address
92,zzw-222@8g7-4bn-3kf,
93,zzw-222@8g7-4b8-2p9,
94,zzw-222@8gb-7hd-47q,
95,222-222@8gb-7jc-5pv,
96,,Invalid address
97,222-222@8g7-44k-p35,
98,zzw-222@8gb-7h7-btv,
99,222-222@8gb-72k-n5z,
100,,Invalid address
101,zzw-222@8gb-7g8-vfz,
102,222-222@8gb-7fh-dvz,
103,222-222@8gb-6zn-hkf,
104,223-222@8g6-ypx-qzz,
105,224-222@8g6-yqb-fvf,
106,222-222@8g7-4cy-nqz,
107,224-222@8g6-yp2-cwk,
108,224@8g6-ypj-6kz,
109,zzw-222@8g6-ynr-ghq,
110,222-222@8g6-yp9-dqf,
111,zzw-223@8g6-ynt-kj9,
112,223@8g6-yqg-nkf,
113,zzw-222@8g6-yq6-4sq,
114,222-223@8g6-ypc-89z,
115,zzw-222@8g7-4cj-s89,
116,222-223@8g7-4br-6hq,
117,222-223@8g7-4br-89z,
118,222@8g7-4bm-brk,
119,222-222@8g7-4bm-rp9,
120,zzw-222@8g7-4bm-j7q,
121,225@8g7-4bm-pqf,
122,222-222@8g7-4b2-kzz,
123,222-222@8g6-yqf-hyv,
124,222-222@8g6-yrg-fpv,
125,zzw-222@8g6-yrc-py9,
126,zzw-222@8g7-43s-rx5,
127,zzw-222@8g7-4dc-sdv,
128,zzw-222@8g6-yqb-mx5,
129,222-224@8g6-yph-td9,
130,zzw-222@8gb-7hw-xwk,
131,222-222@8g7-4ch-d35,
132,222@8g7-4b5-bkz,
133,222-222@8g7-49z-vxq,
134,225@8g7-4ch-dsq,
135,225@8gb-6zn-x3q,
136,223-222@8g6-ypx-qzz,
